日期,上午名字,加班内容,金额,下午名字,加班内容,金额,晚上名字,加班内容,金额,备注
2014-11-01,4dQSNx,CPQxUmmNSrMDGkQpYdnqb7b30us12qn1UOEfAp7XXQw8RTK0Me,57380,1pe8xB,QWS9WhUfpaAd4LQEr63U3VDdEn54bitxlaJ7pbrFI9Qu5IzlxX,546551,vhuqOt,KHeodaUI4Drby3hQ85JlhgykPT9ASenTHxHsCU3YstcdZrntFt,842951,H7SiyoxMrxEV5BuV9WZC0MBHhsqgCGqTjOpEDae3bl4ehhcsIl
2014-11-02,tyxQMU,1h4dogMmfrCQCopnodKSfK6GqKYr8n5pJt6YNIGfHc1XvmrUe8,545619,1tnNtv,3hxrzb1Qe8IZAd28KvlyXvs1KzHCgupnuVVLE3YXqOqHiUJWDQ,503277,eQQMLf,HFN6aNeGk8RSsmzp8RtuRjaZK0mYMgxBtHDvC7Yj5LOyIBSFQP,971438,50EMji6lmmwED5rF1Zpal9uJ5gENNQymhyo8p8uj7M4poGcdno
2014-11-03,olqvXf,XdU0zyvwTlX0AXWUe7QA0MFidUrzxPZuLR4xPukm9UZduxvmMY,301122,S8Lxoy,6pOAj9smrIfLtlQ5aVKTexVBG4fnyidjzbw8squMgnZefUNL4d,533404,h3gIHc,uz2FqhXtP6wEiDKMhaC7Mt04CrsxSTc3UmfXdH5Li8l2JArDhy,258531,OMWhIzWtGElquW4601bDJdHJcaK3SPAipSgzg31KDKCMssVNTN
2014-11-04,vcxzv3,CvVGBmX9IZkeBzrtf8fdY0bDGqVxOKHdvojEA08Wmjjhx72NCY,128543,WhmhmE,pIP6fsyUVDaWx69P2wcelzO4kId8OvAZiFzHBvsQfRUfwI4b0e,169520,GaQsbg,UG7TxIy3LUPDRVLb0qlPhZ9nQcvkyahg5SmeqHV1JTAR26f98H,706852,6ejk9Ke2R4Crjm823U9gUCpuxwPKlhgTOzJPxWBvcWJynGsdoo
2014-11-05,ZrsSpU,SQZBWUbf7cagk02MIDVDHt6lcjG9Q7af9YZ3y9cbwwpahzuRHO,593764,qjpxx6,p1rF5RqrCeBYYirIr6JQhMmxDsfDjx8SHcMv0Gm5hyFrWNKxxL,39168,F2AShV,Dd1uGQMDFHpFvCo7ebLLez8vJvNhxbuTvH4k6ikKeETl8pIrkr,430053,Quo8Rg3UedBiAbf1k7kgrgPAX5jOewpXMYfD45Di5e8jyAP218
2014-11-06,gnJBoO,kK6QTI1VgnjVFzDEe87gBNrl14KL5ys9wd9esqNrJJuSJdIPpJ,963436,SNO2rf,t9kTAw1nvUJ6jJZA1QY1dSuJVwCJTvunJ6yE0gjHkGy3EBXfbl,607033,otbrPZ,XWNEmWIMClXJUNdT1Qq4s9WYt0E7uW8MR2OyjKqD5Jz2SEnvG1,605611,KzIhla3B15EyD3fX7QKzK3B0C1uGLYHfRCu1r73W4WB34C1Lpf
2014-11-07,ivcwq5,A0rfPCIvcpzjTZs9mLSos3Wf6IZYvq2xMq6fJdT2okyVu2ukew,674708,xG17Lh,P3iaSiq9UZD6Fwbvf55zDgkpeYmrykg1T16Yo5SOnqipu6LI3D,360177,16Seqd,vEq87fl5FR5A8QJGQcTS7gI5aOerve326GvK1mqmopP48ZyDb2,289793,UQYkwAkS4Mi3I5ekvmZlZqTkaMcfWDjWU02YU0ZSg3eXlHCpR0
2014-11-08,HnGPui,8PEz819K492ZqMMGu42oYzD7Q6imPOPIxB85YQndpwRDSWe2o6,431946,gxUaoZ,PfaDRNb1OE5yc1CTnF0Ac71HBYQl8cb1fuIxVrxLARb5fdW5Iv,807534,SgcDw6,H07Xu4X4nde3U7ABpO9N5Fk0pJHoExAaEGNCUzfjk0qzV2U2kF,686630,c6AEPrW51Lwc7lCCgdxxZAJp3sDbLX6hAqMhpewti7b32mJMiE
2014-11-09,V7CxCa,NmIEcKrxHmqUC4tNN2hejFfZiSrffSLK2a4pSJsVTpBzq2RQqu,226458,nlOWXD,NXJGXe2JiLup1mhQFk2c6gLhbrrdkvUjXKIswHgobBmHAWGkYL,730085,xGBGQi,LPKBa0bFJSX9WYQAc1IeAE8Rn5WwnTdpniDIQZclMDgmRyCYP3,444071,1fOBZ5axhpOSfa7qnbDkrCL6vtes2H2nqQESNLygHmL6ptc6a7
2014-11-10,65Uuk6,t1n8v0VNXFrmzFeBgqLUJE7KNg9RLHF037LeSFqsH8Eryl4baJ,861420,Is942O,MeOAAJZspAT2UnFpd8yyeso72eJ9gKZ8CmeTc7eDjBs2lgcmQg,734087,KuxYo8,SHnJ1yXn0NMxu1yWW9q94fydqGm0wVzRAVMwvmS3SS9wYodyfR,27252,SHeYKu751Uz46j4XuI0hYzkfPkmLKp4Yr0Lp7kPgCtw6PZo6ox
2014-11-11,jjeZie,EYvoAgURM2enlO4BkfAizGhhZkRLFYj3L1QAKsauWEwlS7SZ16,116426,THANt3,V6CBzKKLhwLAHgY0YeMNtwCBOIZli2wBQW17ZJf0ugbH6qYxMr,401518,Ujp1hG,F5jcKtQngxaDjYqtw9W6QmrY62qzdfD1LvcPury9UrqqOvn6Rj,904225,JXrkBhC3kWFhWLkAtvTJl8k3ujSx85FeAb7gUhiIOzvzx6Jr6g
2014-11-12,296mFJ,KOiv7LXXLN2YSAU5m4ZBxrsHIlQtv3to5tr3Zzn6zMa92ZcjRJ,77950,T8BiCc,mvMRbW0SQktIIR2HWx4Q9vBycIFFEyWu2jkyl0LcqKdpX7A6Fb,896242,HQHbPu,4wMQw353qV3b4HapX3YzmJIeWkTWrE4vZla6zMLU54AFXvgMVO,391097,gNFrjXiv6t3q3oZN1TnNNhTFBhTt3OcT8Q7FoK7XhMjq9YtcBA
2014-11-13,Dzq8gZ,ua8xTYO1KDQeEpp3CjA88Y8iyihadxVKYBqaYOHO46h9gvKney,779519,Ff6lAi,EWY4rTagyotYS01zpt2XwrZCLa1tcAys6FeQkaSUlS5tTkdnlC,496215,LZ4vu5,QIMYLaBzfJ1gWPfxiWOELiL5EL5NpBqKq7lcLczT6t5Ipec95W,962452,VnfbVFlrBum1MSSF2eNZv7QnBMgkbx5xJuAvd0cpbkI5mIJkE6
2014-11-14,7AYhe4,XUqLzwqnO3w2pyAICAaaGg6ypZQBVJml3UfUtHqKwfWeZD4XTY,86211,JKpste,qc0bTKhCMKSAfqo0qT1Z3HkL2bYLTWHWGuuxS9HoJHVGz4J7UZ,804931,p3SZbU,0OVWVv0hHCLyJLfLMv4yHHKz3NjKLfuWW7A3MmfEpKOcUqyOpR,685336,79FJJAsYyiBA3Q6vYoVAtny5XHucPmFUthY7pNLMu8Fmtn0rNH
2014-11-15,TRi2h5,SPVL2uB04oGBWlqmhCrZZ0OzYpmDVvg6bPJYhFJjgrBNCGHmhM,986553,6R9gUq,j1uZBB9i77dZRL7kMLO82X13YtYR4LGzmyAF80l9t6sZMkANv0,154302,ypGvMb,zGhVx083JUhNOaPSXRiBG134DCZox5Cn2exrKvYj345hI4jkvm,834904,IPXt2EPnplQUO9bk70HqrBDoxTDNvl6oHVSi92UrJ9mtKBrixM
2014-11-16,URllUf,5sUnpcsVD3O5fnEtNXJ18woEI4eF1amq32T0MXJJbjHEWqXfU9,436681,S1RYmQ,JBsB8KZYcpwwbtad9Q4vSsdvrZqmxTZAoaghugTjgGNgQajriH,444402,VMJzxg,ziUkF5tD6D5UK1CLmRZP0V6TKu3HROiFJlg1jPPVot1lCjdcdC,526968,zUTooCfMO2COHda0cHCWcPcLhCirPPT7N6hGL6fZyum6iVRf00
2014-11-17,jbSQxh,y5ghGm0VOJ07auqufRODagB5GyHaiMPGIOavp2Z2LWxpdgx0nb,353945,gDrKmr,NNEOatEAI2vpxVLCyVRksoAhWF8dz5BqyxmOIPGcZH7EYH85XO,422897,nJmtII,vOJQQYk5Al32iId3CCIu02TXKpstvWaIex138nXgAJbsK4LpHD,348026,7gD7kZZ7rImdAGJivLdZCIEkA6RUoddf1M7sa9dERqBtWdNYMQ
2014-11-18,nmkt5k,IfxAU4oAsae6iZO0XysUaQCS4y4XZK9z70oud8inxj8JaR9ix2,877933,3dMamf,YMoFIlSpI31CFCPvT0Te6wCf1ed9TsfkuHGKs1MsJjzqodAX1R,497876,pvW3EG,g4vdgOjlRae3e2r89mfcB7UOrT0tABUWgNI5WuDca0VS4DAt08,229433,feW5Ox0anqQYs5FUJqLAn9fJ6659t1Cvob6iXiahoqm54qbpoV
2014-11-19,JGdLaP,oyv0ZGqiKjJXXQ6Tso6Vc5l8OLs4Uh0kO9W3ozdI5oYrU85rkB,79729,D2fhYm,TNAVA7vDyRntbr48U8x2f0MnrPdUM3mKuxJ33aw0t5QDC5uY8Q,312330,uHyGop,56PHNa3R0AycxCSnyx8DQKVwiypDG5gJyNIza1ahmLMg2vioAT,587703,3Ev2vLbC3wTPWLZkPGzQ52Gx7Ulnfuj1U7j6hcpeVC1FHcnAq6
2014-11-20,ATpV1H,EAGThn3zNxAJeqRoPoogGIkED58meV0ZJDOFeLPVAfUihgtSmR,713436,6JQMVd,XPBDxv7gxvGQdv38U7l6G5Fhf0LxXpBSIMlXAaIdMmQvoNiuOF,829917,2BseZQ,kMSMqzRkIVWNf87m0hEfjRdYnjlSRttdSBeFpfshJqjRvE1p9w,734303,QUHhF2Hp00S9PtO7MYxvf3EbY9goO3YR4JSYE91TykD3nOMDMp
2014-11-21,mfNdYU,YZ0zhs5Z7xQjPcq2WAzZi6nVJm2YDYsheXutoICMi6RZFE5gQX,141848,hCuIMx,bKIjFTcnTTQxHSh17NibHLwoUZNE8ROx4TM9yVwq00IBiG3MvN,142430,06U7kC,0CvSdcDg2H09EOXe6zrJCdnzcTmAHqZGI3UtNoyFjgwcal14Ct,629959,iZmLM6PRXw7tGFWIfmf48Z56NZAfjkH6K5kYcA5Ly1OLou8KLl
2014-11-22,Nh7PX4,16aIlICNp7wBKdLNcV7VZ6Yx0FWfNTiGPYZCFPphcDlzUgO0H2,466541,MeTyK0,LhHnJQz1daBMX7O7mRayYZVo9eH9q4oTxxRTVOeNIZGceuwtUu,883654,PSLAlS,og4FqHYvPdQKg364fvthxeGXbyW36XxAufYDZqC6V3f4pB0pqN,730300,GmalYNZJEZbKriUqWHyqUZGpoO4fRfUZv8mfFIgI8Psme8X6NV
2014-11-23,jy2lsW,0uENCtGQGsrcjGxrggrE2xlcadPEGjkci22lj0zk6CDXX0KTFl,242061,sSiFnt,VQ10SGQUL7ldU6c3pyK2Sc77TY4cxOqRxKwWElDENC9sN5pYoN,283816,YYSg5X,pchDkSXo94vMGguuB6xKoN1JrBhKVwxwFNkzi6I6zwuzjnWPVs,937622,XsZD2JawUYOYlJECVboVHg9NiTnBc9i1XBiYIPxGHmgWH5mkfc
2014-11-24,dxMVDN,ryViJlgFNeGt58lJYRC1rkVPxpUAHZgGYyxisvxb2XfLPJq8W4,253412,PUzPgH,X1Pd3y1heFP6vCWmpZaB1pnP9Y0EGZNiTG13Dwr4EZ3Ad4l5zW,710975,sJHceH,wGtaokJKlabmH8C4A8o1DQ4ZqL0mSdZfTv8lzGQ2TyfyoHDjRE,962867,4iRhCHjlbDYGBPFLkAVPA67a8ATaHWLmniLNRcElWnL1zYbqsD
2014-11-25,jFgKyV,Hy8SGpQhmV3uXdhRWGJqr81zXFEUxGpvBSziB5haVdtHrWONUH,320274,I3zmgh,LGDQu0TU4GnpLFBH6z1aVGTAkHIsudpg20KQfIBwJDWKvkuySs,365354,Lcjtjf,cLpLiA92xdWNZL55PWLZYgHVUgm2dW8g0Ejc0BIBKLtse8izNs,917655,2XDBj1UD0qjxymrmLlnDUI8q3q1MXeypgBATjknZKBBarSwbZW
2014-11-26,QoIPeD,EQVuGFuSbEIfJzeqTdjvZFsRvvHWgP1aBJ2J9p4MWiOfyDc6jY,593703,Ia0NE9,2oW16CCzUvJwaxFItdj9dCs1ggQzLAfpoKRRMmNS5bT2thSCsU,953890,e6pYRE,0rO6TJpHFXbKgNnXngIrt46LWYtxwQGd1XujRJNADVt9InfvvN,883009,tNziU5HehlHxNfIWu87N5DU1vyYV6kBf8uiZlqvAHPv2Q9ZFDZ
2014-11-27,uxxLpG,BcqzPIhOgMtpbFAnxnbDhyiqEnga57P5276E29f1f0OyGlfsuH,619835,2eYMCs,0w0MOaLdViQn4KW2YfN6vzmDkjTPtvc0yAi6XpgDRRsG6BGOr1,421441,2IBixF,Bs3qsirQFREvR7ZoU6pXp8jqVpWL9ofqucOqrls3bqihhcvAaC,956989,osO5z97u4fuRCkRAMJGI7nFnV7f1TTMYWQlh2eUH7RivEIjqrU
2014-11-28,SOe3D6,hUz4gW2AW3KLicVdtRmkTzxGmM2aiOcVGjPjygQJ1OU2SzrzqU,22816,R7kkW9,9J47vCe1tuFfqkkYngWGC3lSenpZaY6mPMb6WiU2PqnUZwfFaE,431099,uYXwmU,x5wzm3UOtobp9jCsIoiykqamcLFDohy0bkD7q6ZQZY71JzDKrF,551214,FGSvXPw15FVUpNVTiLGPaEGxKyvySZBbRGIN1UqJbefdmjHmvP
2014-11-29,8XTyuq,6p2wIM0CPS6akYWsqB7Ihw4VEZsCn7pxWnUDKTsw6rAGKI91MA,6994,S5mdo1,GvM4ytH83XKvdrkL4trNs4pYhjSJ966NlI0di1bVzrSRjY1jUh,451668,C1WxCm,Lf3BE7vuQPSuFpFFLKunXAhl1rMArwAT0IMyV0X91Ypi0Ywhir,571998,WkbTzGXOz33TnFPSCS0jLSKJVpCtEyZuTIFnwzSjuMMvMfumiL
2014-11-30,0Kt9qC,0quSTYLjfUtT8lRkxtFt48IxeZMczwFssck1Y0myCHLK3sEguO,952795,aAVf9s,rwyMt62GHaMrm34KwANG8KPakmNpQSYTHmwS3UJ6Ydppjmve8t,883938,f5uIGd,jKzXXw7RjT3yZPmlvVkJxulmw8kBCZYlh73pobuPACSk8Asrnx,590650,thqO9ZugqKmEI3LMUKCVHLTb5va8OlwlbBjtgo4eFMo0MOMjW6
2014-12-01,uYmzUm,UmEK9LIge8c3E3nMLzPGFoc9t7e4W8DAlAYnhu6vDjV99Idg7v,978959,dLiehM,Q1dHwycAdaeuX3txv03wxKEEW3Lq8a2wpfOJtPba2YhINn7UDT,546161,8fgtbO,DPp8qYraK6GS8fPAxegb7Ejs5O9EKAqJNOLpQCPvkFVA6pkp3g,320388,1boVYxEnq9i1o4sgz7mner3mlKiLNJ8v2NsfHBhd8x5v4Uf3oB
2014-12-02,j6DxdI,fKSl5pwseF1zlrBj7tr5f0RYKZIakNT2gxD816YmKM5EYcDegc,729795,4xeOln,TKoMjm5KBR6vaShGbqFc1ZPotvX33WtTNHTYIibkWN2hL4Yalk,375045,WWpnzv,czroSv3PrXqXqxcabbePiHjLENV1qS8u5O9ujesKmHrxo48Dkj,615467,8Ajcmsnb8tqMsGzexGYOMYGa7a5RDStWP3jgiGb9moiQpr0C4L
2014-12-03,Hxnl3k,A4tG3ifpoHeRt6bYYfMtjVB32HmYSTL4xbjamZOd2toZmMvYvM,160093,uQ2nYN,52qXCRMsaG0s4LOwm8I8fLIrcbZdMtbONZdFUVewuvseS8IviX,961568,J6h45S,lZo98PGmoIKunDBOo1JtqJoDdGAM5p9QAOqpBxpXdL5sjcuNN6,32186,rv8uVC0pCfnvwL0KGz4jayBanjtflItHvXiu8VVQzrl0tFSvrD
2014-12-04,elksxD,KOLX2nLJm1830mLh6jxOufUXBZVXxMi40rNXscsFZg6ZbAmGqG,392128,Ohaw8s,jgEg2vblJ5z3sFrnWVQgGmB1ZjODfjReX8gTitVOQiHZ53qxxU,207738,tJREaS,VRn7yTlj5RHb2oZCEGH0vGN3DwLp724EDEefPePUXwYZCJzFuY,161116,zvfozJ6Hz5p2Td7OzvxQhWrtQhjMetxcx3JcbtkwS1E7D9kM2z
2014-12-05,BLHa31,X6qi3OjUPI8kA0iCN43bLWdzSK0nW5H8XrmxjI0yajm8SAiZzt,465891,mFbJl2,MLQcPZvZNyxPupRZR6g2JNqfAsOSjnfIAfVlXSLNEr093XN06o,710667,Rp6AlJ,cplyxXuK2RHWmEEVsueQFLONb9og825ejLnVOrqFZh1oyi1IXi,325559,FQ086TIRAKJaMbvMTChFE58PvABIxoQ2ZvkS9C93GdYkOEzcyU
2014-12-06,3wDPtS,Y7kPhu02g3tJraTMGCHFJqL2vdDYPn5W9mMXcdrz92BDJkn0jZ,155307,JqQ8gB,YaBzUJNSHzC2SRh00QwKBlqmugKyxcnrL7Ur8YADL6YJAvYJyU,955544,hXwU97,xGZKAsfIxDzRfBjg0J0jJymbayroZF3nLwgORhFK2fTxyctUSe,808476,RQxDnqxyYzNF4jBSNMj1t0FPOQjXrMjcx3UyEk3NZsVPodz1xW
2014-12-07,2nWbcN,nfJUPBmbOSWb0xLA21To268y2ytIuhCBzVsiAXIwUyLoeQh3EP,271218,Mmh1oS,LjnqrpLAbVcGf6fRytVc1zwmSoCH1DVx6J9Ovp8JIDyQWprRf0,652765,aNNujY,2ulrYAJXGL5mPft46mOIrLpdmGceFYqOsJxsXbT4KtiQK6PIDE,293873,6NrNDSyYf3b7SpQOo2JFDiU30N7J49zPpyNZuqXlpuWIvhCREU
2014-12-08,9RROFe,JXbqH40UGugbPgtWtfTBl6O0VsIij5beKb9Z42EAV8wO2lzs82,623218,wnVBdw,RhF3RQloguOaZPSEZYiSTiGJF30wzeXQJAHmq1CmzEGKtdYyDb,213788,kP9aqB,In7fUTbDVZlfC70ltuLhwW4cpWA2WJDZBdyV7RIYbr0d4aZgsa,39701,97XHvmZ1tLbVE7rZT2jZJcddkqWWzlgYA9c3qvZ35ntVPFuxyP
2014-12-09,2ET3mM,U2xsSQJCkGXFJsQ6E2hyELEbwe8p9is83hZqlpBhDWyjxTlWZ0,441672,X0s9OE,ShdWC9l4kRl1DpoXsRGgWzE5pitWQbhdYxF8VLnD50mqzE2tyW,282483,mffbOM,kwfH7C6GTnK5g26qKseL79Zn221fSvo5sUm8qaLGbTWaVspMEf,2006,8nnOyMAZMz9Pi3eqXtGEqZdjZbgIEHdYwgpof3oR9mTbiJrmMK
2014-12-10,CLIzX4,8HDspiGO47vNq0Bssx46oTh46xri9RcK5c9c8AJMhSlNMyFjO6,566647,hrfrBU,tqb4oMTW2DFclgbGZSykqg7FEfIA7yTY0ctOO0fZnICZ48cvYr,660233,ImDh0C,JUYu980NK1dzOORjPdy3CTbNZJpsCqhev6heQFfLW5mPzPk8Um,276919,tIyZEF4sGc8hOoHrJUzn4eqMMHJpHGdJIhUv0D1upOPYamjJhk
2014-12-11,Ki33h7,b8JPi4WOLbUdNszvmNK3sXeSs7k2YNHOjy62PtWplIyT4dBm0O,364184,220glo,bEQu1eZF84etUQWEJ39FPsR9Y6OiT2ZkJ9sIRr3PG6JqrXla1c,309929,eM1JDH,0FNxsSQHGtovX64gs3mC6kIByXsDl0FnoqGLHwXtdfqijiI5o4,136034,A7aJEG5MbUwY3hub001TFT3Ma0Z2m476rEMaNDPLLi5TtGZpZI
2014-12-12,wfgS0V,lygHTA31s5l01IInOmk2N9i2XLrEzwPAPOLevk7FLWX1iECF6M,710935,HSbBeO,HU2e8I3KORgqwGfxfj07WPxqOIrQRelCD47aLNCgzzGi1KpdAS,653707,uvatI1,GZQXfrQWzcen7Y7b2lPyqnw5AMyFsJR3jtd4wVuXjOdPjvzJ8H,133487,IZwzYwKmjJ8pjMR29iXzEJoy28Wn7Mc09I3iBsyASSM4gDclpe
2014-12-13,yVzBTU,4wOD4T714KNhCh7Zg4BlGw7doj22NHnSzpfoSvzihDLmaJkFxR,337051,eJ1kX4,tRv7Na02rEd363G7VAyVTpxxsZs30vccgyH1jBcA9dGgqYhBob,579625,PQFw8T,eQ6HYdgfETbqIArvdtBXhsDwZuCyB9znBtzwnSaZ5MmL6yETdX,456148,GJCrghtkHDGEAbGIDiOIcGbEVzUDDg3nAkHwFT6OldUyjKBmuP
2014-12-14,thJkkH,30OiyhSDMkd8eqthhCZiIyycqkZLaoGDdiuM7Zy3NkDmqByGjI,347160,SWALm9,DkZ0RefUsT27WgWrODtRqzqodz686Cr6CHPSQhkmfaF5zicSnK,52364,LTRZxm,9K85PHNQYdHLPguF65veCYTbl3GxrBYGbOj6zG7Ixp6CExSz9t,985309,GBJlR5IHnopo25BFy61slGPlQDHps2NABxP2BTFPgZfFGWhl0v
2014-12-15,43kV1m,MrRohwm27y4YtmqEPIRcwqZINgB9oCtC44TUyPvYH2D8zdz4WU,399421,LYonb3,hVfdm0GaV4JAEh9g0pEbiZuKy3NJ62Sj36GEAjh5ers5aW007F,303708,CWZUJD,QNbBX3Ei7qpPNXzg41NZktuf5kUVvsWKirgSqyk70gfdiXAzUW,266855,tQLI4rWZ1VIXRgi3ZaQL9weWWJMfot5h3DOAzOaeQe8UIZbEpD
2014-12-16,XXQtW1,RABXr9pO6A5mJgMrhRssEHu5mncVoXSbdr5vEfVyYZ1GmQIn8v,995346,idzbOW,54Ms2IRi7XimnrsHYdAmZHDd6A5yIU5WRgfqquRjRizW8qdm5K,395720,oROQXq,Ubmcbj0R6IzyeNg7MfxUAn4qZ2twxca6il5ApaDwxW4k6GjcIg,201738,SbrQGFpwGYfWzEPuJSPOBDudMWz5sJoITFJH1giPFwenZVSH4j
2014-12-17,bYoYYf,L33bCyJfC77TuICmpkXKwEvPzDYxvWcKU5pcfo0ii4vedoOECh,271174,UP2R49,aSfaVeetdMy5XTlEAhQpXsipZ5vKNt4Cz15FqpcA0fNnGvlWBY,56171,dezQkx,zFMTrqoeT2WOX6s7LPOM89vaWS9snpvoW47XHByn9BjZLo5CGo,783811,XEgRzkDits645B3ov5TsZjdtfIds6jTU2tDs4R1FlHl0JhfiI5
2014-12-18,UbKqGe,a5RMP4nJ70B1b9N57zwfAuj4WlSHDEMLClTXiEeBlAIeN8MCmN,655562,2sghwp,fQ48Wpd9FKw3bKiGoLqe7g9aUuVw9AnTUFvFxl4vYQG2RtLtJ8,126450,9RlvX7,Rz9tuweRxNgmUGbcYz9jS167FwahBb8YfmGtHVHpQcYKjJ1Lzu,896247,GWRzhJxTPMWiPfLEyKo91efX6l2Wn2H6GMsEHe12a8RZqZmWW4
2014-12-19,MnXUBI,Xg91jDoOOF8K1TxTqI86yYanKzAsVlcA3gmMOphgQT25eLXyRj,81215,nQxBpx,7iCLZKY8rLrB7ytsbwF7mUg162Ov3RxMoBCRxlEsDuBpnZa2uf,158766,bHH88l,G0y2weGNOalNtINXZqeuhXklja8uCRyvIuuxGISza7BehsmbHq,764967,GJI8yOa3sM5cxFvGIqWCHiiOQ0mWeoarRNmQhUSlTtQa5cxBTB
2014-12-20,0QtZks,XmuRpbRSjTeaZD0lnXpbCoqszZdIhxSleZfsvlZl7t0R5a2I4K,705090,nVhHqc,ESmtN837HKjPoUw3dEcfOYHLHfh7BTe7MEOBmsxmXTVag8K1qx,226414,Uh56Bj,pTf9SpTnMcuSbxQ2hEX13p6jkH6uOX81slRscfE8xMR2nNXEq7,961152,2OmFiz4jHYoL2V4qS2UqE1lTQJ411hGr2tCEQ6opGPqMPIRaT6
2014-12-21,iEJHzh,791f5HmeiV9RMSdC7xZB2aTRHfarkPGuOTcIEm4C50PqShW87V,733399,DRNxzO,0dcCyT4e4pAeKie2muXDqypjDifLunyaJIB2EEBOCQte3brMXZ,333636,Ois97u,BjwOtlCHJnarj8emBBVJ1O3fFZx3GCDJeqOY67hMRy37LmtcHH,492239,Sj6etOyyLzt8iAmt6Crbu5qHVgiaiGSqEnPCsq4eaQfgBkwSz8
2014-12-22,DUdUps,52c8olO0HZjeNN8buEfzkOEMPkB0DFbNa7t4gVKgq8dv3zEKYQ,352135,eeZN33,qjTfH5wvIdkTB8gAZjiTpgm5kWuozamDDAnSxJlg5tsZwuz5q1,908818,ttWKQX,cpqOFeQxpKTG4Q1OKBsDX7pa7URwMKFdVhap9lPhxzWL5fstuH,200379,I5W4DiPLTFjLube0chC7uHBUDix8TzWksrDSO2GoFHNuL63IvL
2014-12-23,3O3Sij,AuLT44uGi0ZBrjTcO19zPG5hQVMte46d39VhmhIHGxIZu6HxfK,1294,mBX7Jn,N1naRZ4gs0xFlSIpg09yhfQoW2XeR9UztAfP6UylIr6oSqdcTA,315129,RVkZKM,sZsniGzNSsQxY7schMGTe2K6uqztLDQYPzRzyAlUtHRLqvhWWO,740440,xiI9kqMLQh1Rc4ifNDPkDVVTupBsAcSEmR9gT7X8IAzydbgJKt
2014-12-24,Daeb4t,Idg4NJzfapVPVpkp8B6xB1bt6hdRDXorC3H2WMQGHVpXEJrVjk,293499,lX7Tbk,aSaCNAA2e0S2u8wc3AHte6KOpcfT9y8SfTfHLPcjxTnaaB0frH,331819,OyGBG0,UjIcd5b3bC5EyOsrig3Du1bdpCPI1GrBesVFKTm7NSdgfQuX0T,612717,7KGfloHS9LZexMCic2XdddKzvBY8HLnhqvnVGrE2uEILCNVuRJ
2014-12-25,a1yBLn,CRbJEMQPCuvcAcwpg5wJ61vGAxMxbBKiIigxyUmBi2vt46dQn7,455861,Xxg8rq,Ann1ASr0vwbKlfF1yQW6c9YAeLbDRHpJsREXn5QRaeTmIxFddj,721121,3x2Zgq,WnVrnHHxtCozC0UaV5sVmzZG2wdUn1ucVHbmqUojkk2PTWVsfK,673032,tLBhPvXeRp6iWI0NmMFWsEZ8S92uM1nb7FHM1MOMsCKmxAeJU7
2014-12-26,HSJ6QQ,VoGPzm0fWygqwx77zCGGshZhltCjk9BI7OQJScWo9rWhYaEbez,838787,FUTQwV,m99UMrHYTVZwwP41x39PD2Skfy5gFnxumqMaCIts3sGhbT8Toh,236175,Dfqqst,h9lkBKxogkIYY1Ub5qCGNgilaX1UXFk9HoGMvsToVrQ1KY0aFL,718648,y8jtSjvzAqky40ZizID9UpKZdpypDZDNusJFCW5rvq75cKeZwx
2014-12-27,d79hy6,hD0QO6xjL6Vwugkv3cXJH6RTgpVPomEiEnvd3LiI4F04ZLSnFI,958604,oECmby,0yabp4l9SDHkjiT24hQOdObE8f0X2WoJUnf1Gv9J1vQZ8Ve9VD,638814,4hc3EV,GkvZwfS87eAkZFi5f0VVXpDt394i5C9HJM2IHb2hEE9EXfY3oc,828826,P2jABD4nWeEJ0zeuMUKBaVLIe7piOJh5QhOChV3DwmYDKEllAr
2014-12-28,BjB2cC,4OEMolDNevxO3BNimWHQxcOjDMthtafW6k4wOo03ajbkJbDxiY,992603,cVkA04,Eylk4ldtahwCG8uWDAJg44D6ZZzdiG9hk3ktD8DZH9nw0hG5Ns,856939,lNWG3X,eyyUnKAHH8zOOPHtjKybcnTgdsNb0haeL1cSot2YY5PaSXhtEe,607149,Tw43TvgwjwMbyWwC5Aeln3DzzzsCk8EYsBGeDqro6HE4nhOUqx
2014-12-29,lfeUwv,x4btYdQ8qHcJTZ4zf8EMiVLAgT6wvU8fbf18QtJUTJ1HYjj99K,324575,rh5XZW,HJwVGVxBYzj0KdnmTaG9wx4FR2lx3p3PAlpnQgnF5E9Wo1l5dg,186409,EHXiII,e0q5Vcedb4wSX3FavdRXZ6mTyOjlkMFpHLS5ouGtv2HF997onD,809754,OmKQwcOfmwndVAu6FXyqG6MBpAB0W2DO5XuP74hwqIUTEME9A5
2014-12-30,UqO0VM,R8PCsK8PWdXzUUbg7GaMGI7Qc1GbpeUPcpqa6hQPdYr18pXX9X,134179,QEDU5I,zHeIJCC5ascV41ytLXj8sIG32JI3o4Help8BtL82S5ke0V2KEJ,399379,EdkiQu,Eds1t7QLocN81SVWVN75Pwqnll8ceK4OSZIKyORVLybhwgSlyM,955875,ZFyprP0QfDlOq7RqDkYoIXUEYb3a6ZVNm3CId58aaB3E9yoOQa
2014-12-31,1kqG7U,I8KMnVe78A3bFYM9972rbg3LxrC6tx9V31fTfwJN8wGt13nvci,414812,TnfazP,ST69khyZEjJalHcp0hAd9ARh1hg64pyhBwq0pCBSvx4vkWbR4E,223975,gEgVHT,esGmqB4Qkrf5T4rDdhUJofBLCtTPVaOJyWDHZkNHXtTD9ZO5Fk,301319,Dt7NQF6dbHjEl66w0aYXjU9IiOM4UpchfvUG9Hg9xh6D6T7E2S
2015-01-01,gGyFnL,zOPltmZvo73ewFXAh7k2FFTRSltBocQZU8ZZyl074uHnJECB10,887994,LYMywc,2dh7lbHmin28XStoT63c5mVz3sb09Y7422DDzn4NyEininTsY7,184875,xRVLb1,vamsUKTzWIioLWS6pArdZtSsIaUmcy1ugw0OWqKVi2O8zy6zIs,369924,eUWowfdoYMmDPMLouCq9Gdads2phVtR3S6wTGQDElCVurctQ3U
2015-01-02,YOkvlI,6IXcgYBUGOleoEh6abX04tKNDN6VZZRCYE4o4vgMBcu9EgmMDf,639015,B9DZuI,F17gmqAYTwIaqHhFpLUOwrSn55tFcufCMdIaYSAYTlPScezJY9,671421,sFtvO0,eCudzqWVTH0oJpctGK861AvlYfoTuynYtHpHhE1K4AlqgK3Ngu,353280,BTX8jKFfs6ttUlO1NVDE1rOKjRpLQxKtwx3ArBqrknRPfRQDXW
2015-01-03,Fm3ypb,0SJUCmQW1s9FM87OBk6cENeLFfBtGJLMXnWJsE8CTiTFr59kFo,408886,qcRp5x,9nLvIolsY2jxIPesv74G22XMJXhCDOjCXGbvrTrV90EJPxIJVW,183263,VT8w6V,KI7wn1PByuZexv3cHw4dM0yJyk3DOVDj661FlSUIbmFCygpa21,859219,el6XLq8BsJogkOwndXOsqUQ0EmDMag88sYdiw5pG8zMC2OVeAa
2015-01-04,ci4MTw,0vJ9nmi7C6SH889LVZnPFjC1RzE3nlKgQV0OQlNqB6oyM6KNn4,461475,30h1QO,vP8r8CRm39nbChz0cX6ByvOPiCrWTspyr4ELd4PvXArQoaFy4P,608600,W3oUXE,w44VlOTCKFocg5Wtd4GSnp6y7csIlExAE9tiYonLDgoHmOa710,454938,wWPrPWyoCkZPKRrffq2SMK4pLRvpFasnIDnz2pSBooPduM2VVZ
2015-01-05,3yysCV,x6CqjkELy6SlwSVjpcRzK73xbCHpiV7xG3ggNlW2kdCcmPSoBE,813601,IX6GmD,Ndhr5JWKyKfguhPrQcwR5eOmNfC1hapeqVoh7ow0dl10iPwhIS,427516,Lbt4BS,QVRiRSPRXQ9fMzMqHpmjuct1UsuOLfakZ8OxU6gw0XPV2i5vEV,92486,labKwphijAWWN7eHCoqjWWrmSxBD2OzYFqBA94LGurQOSL5SBA
2015-01-06,td1Y0u,s0L79L2fS9Sacj0HvPgfpfZeEatnQeSbunwvlDaD7Mjtg1T0FJ,923987,CgfGSS,XEH9Ma0wf3Q7EaSPWzKyznQuuzCdjhK0NRRcoMqSHbXwIjBm8K,314312,wdDHWs,MJTelj0NRJMdkFJsyiZrhLStWjBP6bfXbiABerjmUARDKQwPZK,315985,T2wHQTGy9WwWstb2EQsP5zndVmDoEdz0FUR9aoSxtNY1HmBV19
2015-01-07,ELCg6H,p5UBlQPjjD7SHgGYbgquXCxzrx3b6uPtwdKH1dFDBO9qa6UnuA,731712,Ikxy1X,fvkWBM0e2UgoVuuEfNc0AG5ZysoQTtsUpkYwDKP3RUXZHeEiXy,635395,zt72tt,58tb1JCwdxtARnLzMs2PgannSxs7ihi2N81OrumBdAAxm2fUXM,424844,fclQZvUmRxHrgfup9Kp7ZtheE1AFZrsPKFdntkH6FkEwXCiWFn
2015-01-08,pgfKBm,MWCy3Yp1dWi5CDqbV4JC04EA1A6QlIIz4wn5Uu7bZ1Ew0CUeam,244657,TC9w1g,uGZG5dBi6QLpbRxJ64fexsu5U4j4WHl2NOYW9WK3jPJMqcRCxO,118384,yidweG,y3V74pk32dcSjBz78RScXdfB9mkPpiSuY0X0lTbFKB6wdNfhFX,830411,Iq6oe2gpHWNrIZxpAnxdvgd2OPVOAZHHEHg7GktpwnnnZR11Cx
2015-01-09,nRlseM,nqD12CPVT5QTW5Q2LzkymHoFhkE0c63XAolotWQxjHZeWhiIVq,843746,0ASqJ6,Ni3D6MC6lghcCwmjiNo8dlJXLHpFs9LLyc59YPs2bvnSLs1SJy,262161,8tgyeS,qc7hWC6UbZj150eLkK1Ktp5jU2kW2YvlQqcYhMThf20q2hhrNF,316267,wFA1aSKDSZWYLvTvkZVeyTn7gx3AkgApPPJag3Wn28ZjL0BkmJ
2015-01-10,O5Z7fI,Bl0yhIulmbjkqOjDUvffalQVra2wETyfVo1u3Wib2szRRSULGt,687757,xJwEak,Tm9EuFaUWiFrcgFwcp1cqj5Qf2LzWXk9nmrD9KErX6PuZMgM4L,434397,iCqPVd,rLRQQDRBVKM0JYPv2gj00K6TWGuN7gwBevGJhzVUyEOwYSCnAA,134050,RnHbWUGI9pqLSo6Pnm3sL68RrwYy7lTg3FmS0eQjUuxAKSEBf4
2015-01-11,WeXwCE,E8NFrekkRfWHtGAz5itHdpp6uSFJEL8BmYXuyYMEPa8Cu6fk3r,543022,cIsbes,jAFWV7VaA7ta67i9wfoUgtDXftJi9tphdojyX29ZUN6saTfTsG,162813,Yj9SAa,Xg6eFzHT6AoB165Lq0UMchhyvg27ioI0dWAVQOuUhEisYogDV0,462195,zfIveEYf9tCTf01os3jTZr5dHrjGjVm1R5Agz14bHeCj3gtu61
2015-01-12,JIV4b9,4g7kO6MvwmFYyqrQdxXvq9iyM3yU9GJVxtw5DmNpir0gdnJ0Ah,548272,3wQbt4,bupSYKLPmDNXyu1zFrtQ89AaiKXbBmdOaISjjtTHtoio8CS2Y1,946337,RjW3z5,4wICWWUg9gclgHD1NsJvC3wk5kxzoKAkrNPiZw6qjwmfZykYee,602772,9c6b1EIBKhj0NLmLdMrLSdUy8OL6XC2L1MxHOtbnFDuLq7vJLN
2015-01-13,ja0Uo3,IoHPDyfJY1E6gslfZpw0VOByJVKZQchT0eVmVnua0EEdj1syfk,653202,Xt34BE,oWE7ukonOnKQ2A1zPMZG5d9okfQ8IabIffVmL2hckcrVw8zGg7,649771,8ymXbO,4KLisFn8vNtBgIbnXHsFF15BBD05o2BannhjQ45y4TOt1omu9k,152127,PA6mgzHHTaJVLiGjJX9x3wnfoC4CwRksEZyI4fsvYaBWg78uAv
2015-01-14,5MEPib,P4a5V3jBVYZfd45zvg1qni5zgdrJ933KgWIBYgsdeurDjodof5,396992,qYVFfO,xPpkLSrzWBkuaYeJYiggNjmcmUKwBjER9baCbXa3Nmerso82Md,85519,Y2C71E,gpby5yNgV5fUELvMZAux5TS8P8cwepRkCDZNJPVbtRBXNr13ru,915096,EXzSbQn6ysnD5SrCo2yzJwKeNfOb1TGFjbaslTByuVvEwwaWmU
2015-01-15,KPCIqT,RneQSiBHQXcPrltwk2eGJnKJYjTywIvNQpHQG1RCD65QAwO0Jf,266465,gVqJo9,3VbdQOKmA5TWHPCLsG5WrFrbyyvkLBqviZWccdg7yLs9E5oOee,27270,dWril6,peiue58QIMfeAchpzxOSVg2L57m6VUYF7a8KWFc9D9SbeIvKiP,491234,IvvreNyZ7pidovLEHerJeIsMkozXKwakHYfGXQ7YjBHhMzQccd
2015-01-16,3S3iy3,qs1yMn3jVLphu4tmSZLLJcbhnAo2epshogRM9R3Wi7cpyrm78n,660606,1qNt5e,YEo2OoOwQ8IeqLwE1FAdTCKUifqgr6vjmxlWht0iio75m30y1m,179076,qdT8oU,ig7qLlpIysTrdcQ27EuNo8K1tIdCzE48w0b71f63PdIRAchaGu,596431,PimOlV7okidhdsYj1Dp3BJJJ20NQf7heZC2yPjrYi5zsu2XHZw
2015-01-17,7fcHEd,YbKRfSDhhXLEWV6Re65wIIveiJqNg4aW44BNfF6haIPiQE9gqX,240476,aHovme,ePURqIzlnKfFNtR0mouKHzhQI5gqg7gKKYpCl3QFWJYr7GRkrV,281374,B12Uxb,9InwDnaUVzwv66CVHok0Ydb2bhUH50uwsYOOuerQ4qcmKTLWLd,284845,XSKlzG1PjMxXnf7oDJkPCoQSQaJO0eS35FCjm7zcgPrLJjcQnH
2015-01-18,TzDu4l,9q2pRFz3J8Jtq2UmW13ZKgIHxix9pxDKvRMI6l3J1rHw32g4aK,392936,tKIZU4,dARChTNmgsuhP9ph7UtiCXgyCebMVFbH2KdcoqBLf38uD6noaU,715804,m69L9F,w0MogjuA95tDdUZONSoqIJyFQnxUXL2ae2baPaGjlJWboKUpUz,679263,lvopmoQTWzon1TLFLJ13l1sqkuquML3razlPlJdc7QEi1HT5Nv
2015-01-19,QXUDNQ,IMPtl3mk4AEHCcxAVqlGN7mbn7JAp6AXbIIqJBI3Q3udOaRHp2,388163,dO4iE9,jznSy2X8ULqR4YD54jVt9JOE3W0EewZLdul0i5oChOaT9pA9sZ,969991,KwPSTT,yP8QAgtBV5ZbDTzmi7YFA4yHZeAg5nAIgHJ53GsFqCWzNu56rc,983152,6V5kvxUSZDx702VFOdAfyZiRbZcqLSI2NTkZAjmRXkE83n9i5j
2015-01-20,L9jGiL,6pfuJD3yDcd3wll9TPUQCAWHxGrt2VY0AQxdAdGQdzxEiA56vx,616993,Y0AAD9,FJAATgodjWKp7QPdkTNmSWSX3XaAYjFi43nJFFNLdaYwHLpDjD,462741,6tcQYY,JQ2pW8LJypt3MuEc0LLyC8WVWhVrm9ySTadC8O1FcybefYYewy,876593,udaUMSarlH95KAaITuAqhP34QjHRvAxmxG3f7D0mcUu2vsN91P
2015-01-21,m9I2ld,kwQTCfVVGDjK0ycMr3vLN40GhZvaP2PmhtiY2ecgUuQwb4RSPM,493097,A9qxCj,SYq1WGnqZhiZjJiBvak6xHHF13BvYUxx1AOreAn6I8yRIQ6oKJ,143326,8JPbmQ,NvHWL69lqwPWCZuJGFi90QqBnqnzimdqz31N1sw97Kd9nyOQNi,317589,4rYlt8KAarTqUrrCW7Iy5xkbkErTy4uym2b2z9Sgwb3G0Bd6Ws
2015-01-22,f10Ka4,XFJlapnOSXVeSyrmlF4bzxRtmnkJzXABrensk39sr5ELk4nU8p,105720,LYH5sW,IWSdslK2VLvtbrXf0RRVg6c02otXg5dZWnBXnbQbualxCQu4eQ,147430,5nXExh,SPWaTzZLDMf8FndDwBWPrsd0tg8AkwUZ2qcsMHGa0QzSFQwctC,229456,acx4OumlaL2ikZ5yDMYL72s6stjMoi2T10YR68oQnPqIvgAExG
2015-01-23,3o3uVg,Uh2nqSmwYaCzDBjZpQOw8WzqmpvrJf953Zaw0wT4CWnOoBsnJj,687799,QITYz1,dGTMQ7xBvDGQkImz25zD9J9bfoL6xGrRrtG4LJkOdQgPSA5exS,507307,6NLNHd,IGP6qU764YiWGhCWO4sFthVglofKxKOQzIeAYPMUz2LjNmYn8H,668073,wccO1BL526TkQSwFdHtOOmzagsTtfCT4Un2j5lFhvfzbm2EiSg
2015-01-24,nIgkD2,hdz2U0srv9BkCJKfo55Zc7hZqghkv0tk2bwNHu55IqUy66dCN6,729216,Z59VZk,6vMCTROVh2kKZbTK2DlppzWsQqXtK6cp1RlHNPJajv2QemSef6,102513,iUQ2Ch,dLayhDcZn02FWS7XYir4eL1SxpyTCVEsPD5VroUL53DwWMya9T,233776,ehEP0C4I21FXfnK2AmALNzn6diAzjEBe2rZWiR7OmQwxd19bRS
2015-01-25,bcxndb,c4ilGtk7PT4NSFDcdK8fhwcSA5gSQmd1E08ZWhvn7vPc4eCfqY,830461,Yv6Gh3,E5ML2X4oQOfuypo6wMvK8RyrT9gSuCam9uWYxt0iZKD0o09Ky4,841181,qRk1ho,ZUtQEuHcgsVTd07hrEeSxSSTG7KGZlOw3jcFitwNMlLPhY8rX3,91106,7W1YPT6n0iHW6ZmjioksXqheoocXZzCXPwa0v37h05K9vv8u3i
2015-01-26,IrDvqN,570TCc1iMrWIuLTq0fXIXXJWEDxWZ7OmzugjS62DmoeEGWoHPa,479091,JSpmMQ,W07uWfzXyveFX1BEAKXoRRzECaClXRZmeI30SlQm2bqbyh9xbY,906388,xLZlzh,YijPkEhas0rjyhP9BmeSoYy2pI7bjAti0Z6G3UWB43eP0PbZs5,821617,i5RSEOJIuBHsjlf2ZFTJTlhg10SQ2x62ncFkzEraKwkLS13Xwt
2015-01-27,FVViIC,ifVou9QWjTJRlSDaXCxrJxTFMc6vXZikrCzy4CHL7rlDWoghYb,75391,UZokFf,kN3yOyYUC7OLYDzKtrhMaYc8dhtkv1dqaR8CFYgPC9IgvCNob6,307834,EGrPek,ZnBqceeYvydFHofiTMBAVeKhzHMSxK6d03jLCV9SciZy9BmjqH,48655,BuA2gSMvIGWADE1uAuvYefZUxYQNA9wbgF3GBdcksgF15jRMY8
2015-01-28,pNilbE,kq6EvX1zPJgqZxGYAFlQbttwgcF3gQoxYU3e4QuNTRwUUYmiiy,406698,qiBmb3,z7nNYVuGDfrGOGHypHfOub8Q6rTdfLYWHmzUPa4rxJzqgPCadv,946589,cE62wU,tcpU2YvcbCDRJoDRJju1xb6ljxf8iNlpputWVpFvEa9zuxH981,342141,dwiNlxKOiX0qSb6vO2IsdKRbjOtSuWD5x6SZotSxH4ryKf0Q5t
2015-01-29,TTAaoj,adBH5eAcgRAlejdru9IvXwuqB6R4PuHS6moUHuhSvzeYFqSEdp,513238,ZAlLvw,RDO9yZtzAXhPzL6Q7VeSKk6S6Gr3qnpN1BCMyWM3iBwk7kdzZS,421306,6G6VPv,yWvLRI8Q8NQLwRN2fpZ9Z45gFBa8HiYD0HSwFa4GJIGaCrGosd,923304,rjQCSOWMTyIIWXGwOIEyVGDLfx2WAqTwtdXg0NU1BakY3V6nUD
2015-01-30,J9hznA,dsBgMXeboWU5GZXRkMHKVBRi9Pb6cxE9BSbIxuVZ9y7SuZaFeP,347383,L1ABKm,Pf0A33XQOF3h0pCOBgGp6vXgElRuWa8owMhpX7JiJdr36ZTZrk,875407,A1YsQk,h1LjmkiYo9jssMU0Puyo1heCj663wupEV2MgsChDgdehjXusl8,808617,tEQDRgwKX5TGdzCz58ne5A3yJqGZKo2QDqXVVdgP9IrZUOKiIX
2015-01-31,7hjoVB,VNcK3H7aOGnknlcNOeGqn3XMKertuULqm8AsyaS6SccuYvnv1s,554280,FgGz7E,Si9rehuNGrLsgPeFT6v9FPrzWhPZxMtyoWE3rLaK8Ey53WmlpQ,940474,EEqTFq,ArQ0QgCZiNSh8G63tQtytkYMz8K2mlHOU63x6etY12OnEQcWOh,458840,bVts0Yunq5wyHJYvNumoVKt2cnzHMfNF880NmfwrqpqpmPqLte
2015-02-01,nqLEIv,chi4wlm2Nk1eLS7nKNA3GKW4od6D41WLYQKuzJB8KhtXEAbjCU,191624,JllRhI,FFUSdVtKB4uNCOdheucAG1HKxAD5Lu5CJTApk0mpTqxNXDTb6P,435775,gHQAl1,rzJa3pKgEJGQ1XOlfVmVGYwyBN9kChzsGxkcl4svhPxwmbWHkS,580228,gptIv7CNhwt1k932q7QvRQwlhoX4emtK1Z23hHVZGeMIOl8acL
2015-02-02,k0ljFj,KJFAGMKmQCDvCzxN3Dlft8djd38zdkr1xtMyQ7gbhGhMD5Lp8S,392970,v7awty,7yDIto7WTINXYdtcQ3Fenzmic9cOeMaT2EBkRb3EgiOyTECBQB,634343,dIKhkv,GzuOhjjVGcoscDniIbKklQpUtDAyZkbx6D4RUiDh8WIICDDa1I,216150,byg215NBYLkSoxHuWvbcCdhKVYgZkSweasBpvV9mUIcY141voz
2015-02-03,EbHe7w,dfg7SY5xsnbzUei5W3TUvA91qoKi7J8tm9P9C7kIgt436RrLuq,176962,lQFZqy,5yo6UoYwxHy2IjKONFCGYaIPpFCQOpHFI90Pz9GVs8dFCFocl4,875424,9O1IG5,vPGmMVy2jAU8LYoW9KKvAELJokw58nt5IGJkJbOPaQtMZ8Dskk,321075,Z2psruFHfZQ84s64YZIRb9zxlI7z7J9XnQR5ogZTDCKV81eUx6
2015-02-04,l9ICUi,7aCfMAnlNcfeG9lueco2oz1wemlDKIl8FrbiquDy3z4LxK0g2W,258305,6Q5RNJ,IuJurBvdpMKveVuMWiZtELJgamahTXuqIjuWCwWjNY3fmcyDLL,454253,uLnHZx,7epuusdrzXHpMstSY1mGTYs1vj8dXtLa6T0bWGZSLKCftuwzyI,124263,vpBacgKT3OqVbf95cfJLfw1ibDCQ7qKUiMiFR53FTvzODBlqz4
2015-02-05,GU1qQs,gUkDVQ6qzVQeWP9tjklZRNthFSP6vlwKejjOUBFlxiEYRLaTDQ,795072,0OsgBv,f86Vx2RQQscbjwP9UIyjqM6D4ET00tkXZM5utHJ5MJYv7ThdXp,493869,4JvV6T,IGbmzpInVbCzDxfYFzQkypr6B7Lb5Z8qaVtIWofBySFARhDzsE,79744,TEfOTICy7c6oMs7oAFmhvaQ0V5OmV4WUx3CKojUrjCvj3E9mtW
2015-02-06,dBGZi4,pbkNHiYasylZM5C7LRiEw5Hi9IsO0kfC1Pp6soPCTTmR8Jt7Re,919718,t0l16U,wbmNTrnGCPD6iPzMoNVw5r42w8M0gZOqjPVRB32nrdd8ydvTea,309410,piFDJK,7anaon3XkQT7VDLY6JocAqUU6KLL4s2FveSNO031hDCk1QIN9h,713577,ehOuJqbanH5JUGHj47PMg5CtZKmk6xMZjNBo0Yl5cIbUb7IhSi
2015-02-07,KfvSzz,SAHDwVzCbVCyu3YeG36XbuQSHMf3V3wmhhgpzbRbfXWruucbW5,141556,7q3n7A,a5w36KaAQgaT8p3k6zBjMDlIRpYsh08HJ8TbXjufIYMBoSZD8M,378533,FdLa9X,rl9h8SrR9sXrPTLIvKzSrHIrzyET75hbrztSRD3r7JODUgWWer,932119,z8eyqt4lUjKYNi4Bn86SrQ60UkuuRgPlnqZYu0HASAAbQF9BKQ
2015-02-08,w75gL1,smX6PJTPTRWvXTr6QrIe5I4X2WGMe43ZJ9PSxzi3AAktrjrghp,623083,COyRx1,xZdXzTDtR07D8nCZkXT0XSSVuWJqgEktBwlZ41S9NPB3tV4QvO,188844,RSqc8P,f823ymrwhyq5mJuymTm82jaBiFCljMaSGDpBdb7Ro2LudUgoNc,881976,VHh7WcuooAfrgHC0TaB2LLnshQtnGXcQLy3SXXbNHogJOtBLBE
2015-02-09,JgeWGo,Yk5OS7pM34CJGyqwRzyepQYglWuKQsNAuoRkZQhzk5ZU5Uds6e,227761,pZVCEN,7dFXEnwkT9S2c6rKkCFo4fwDL1EmqaWovvXTashaB8Dx4w21kF,218828,1pI7xi,Zq9q7ag5Ov8s6SujdsJGeM7sNaxFq4vgvg2SklUOrBQsUobxF4,48481,LQzUw4AOJb6dEk7Ur9NtDbp1ON5vivRkJk1xgk8NufZ5M0p6g4
2015-02-10,O8HQzI,yF0tiSkJ2aYJi4Xoo15e7DXFyh18EigLmG3BWFBMjmAS86kVwh,613893,qeWi2Q,RYPBky6BrELSrtJ5I3tv6MIOrddA41ShPx6itpwMUDmPR14U3M,384135,3GV97O,tU55tYXX8oe64mpvNWiaQsYUt3LTZ9gU33ceUL3DtgW7GhhbV4,966210,6w51vlQuOiD8VTXOerSzmy8UumdL9Cjdm33CdonNflFJUpuQP8
2015-02-11,CdQ0Nx,7eTaQVXq9E1qxEE2pPSyj46bpbrU6sCF4Xgm91o0r2mVtgBqwk,871885,v8d7Ih,JBfThoIdVKmBRAyQrMQVRaphNakPmK8ZwxNTWKFXaO9lbd5jM7,203159,FkWfuC,anXLDn8PLisGZzeK5VCfrmXBB6SvfIbI07iIxK1o8zfy2Cumfg,709062,RutWfvbI6X1QLmLQrBIRi39NwajfL9UET7hpxOrL11Aw9tH8Bn
2015-02-12,vMiMj1,7z7M6brvGlyGKCdvHX46KqGNpu1vNZUZ7n6tWxWYSD2IKAi8mU,547944,mHazg0,diaGbHqAd8IS1qZRx4ESxfMOCFe7ervOvN1pB9hzQ2bSkkfTFx,422237,Y6UL5j,yzRwR2Ktj8INj8on2zYWlZuASkV1LnGqCgHBXtsI2ZsyUFdLV9,46163,0bGfmQYFxSMO8Xd7F4RRGFKpPYAEQkYi1WcZQ1dIAa967lJA6u
2015-02-13,p9kq8A,jCUqWfn1zLu1lFNMUPk4G2t5rPXegUKZSiN0gK55x033laMQIb,28194,eQ8gzX,xhn9YKr1ZMngz2R4mn2F1OPk8Wge0KOqhqggCaVFZoIQdI44SY,898700,XLI4ri,Z8DyhmCbI4BJp2MIEwDJYPNJhsrBFHaaqsowwFgeceIYT9af0v,445760,yCP5sKnxxIQNMU9pDYBHOiNvPz12Q2WeLhVp0zVTxrlK3iJy5r
2015-02-14,bh065Z,VUWvmCBz7H9N33RBA1s9w0vxT9agDvVSXfDArqOMxT5IH1d8lb,899318,jS1ddL,evTHnuIad7Bm4a2XyzjMVRdoQOgVXbPDtTwwczFMS7HMhvtuA9,684882,bhC6b3,D0ZklXbz5gbrp29WLqT1EOCoTfb6oAUH6sWvyqzzmq9SjG56tE,637449,GriOsQQTqwvbpZBKqZMPbBB5v3SBvgqs8GQKj74iXhN3iNKiDi
2015-02-15,cP2w0R,a0GaGdnD9xeCW6h49TnolsK4mpJqncUbn9ZtgERphbp71DVnRq,316836,r4Oknn,QyteKj3v4eqKkogsE256kw9aLIom8Sq4sb47CtGMqEHl42pDeO,649044,6Hx4Do,oVWHLdi3juFvAbUK9cePhG9mjKlYA1J1NTui2621z125GUTaSH,498130,VMFGzpuJ1ZigcZW4e1SDLfwMA5qgeKlWPRsNW2QmTdziS7AY1F
2015-02-16,R72S2d,OAkizppOn2mQQSyTaEzqTKFuuxWJziHpRqFlD77pRfasDQ0f23,880649,4rLUT6,q7dwgHoZ5RmSP1D8B6j6db7UM6nuTscaKmfoTs1Luaq3qpaSaX,519869,yTOc5Y,jKQQRoKEhoq20GN2lFr0pBB3alulPJAaDci5OiK8DRYa2vC7rb,696499,G3RfnMkPjRNPDeGKSX6weN6VCNsLKAbW8tuzhiLJTJkEHKfGa1
2015-02-17,lhDflO,lO1hHzTNALxSix9fRZ4CGo5H1BHeZTSx4cwuNu30nzih2vk9WG,822290,H2GRK8,eXlwoNUYzWD1UfiXkOgVPYxkgcsKA1qt992MSQZUKF1F13OtYm,339664,0SuDni,iPS0G6aTvIbDb9xDwbcf8kOSdFm33BN2VAAkhuwIW013fDK6I6,98273,oulQsvgu6q3Jejsrymq2ljAjACZrhH9aWR2aJxcVhvxlLmUNxd
2015-02-18,uK8yHf,vyLwcPjgezwZg53F5ri7ZFZesOPurqLXnF6HLoUl4CpDIzKnCt,831710,nEAI7t,JeHZefzE5bbkZqbkLl8XevpBv1CF4lJqSrSzOET6oJLvy5a1Ia,320463,BgPxM9,GnR2b8UCFVeKXuFMsVAGhZgxU3htrb6w7JB6QDLeiO5CsInisc,18073,yDo823uuem8VjxrlGxNdESoDDYL4XaI2P4DvIKhHPuuCdelLQr
2015-02-19,CAwraV,EdHB7GKX1r9KCnmzbSVLhBr33pclgDZEak2uk979xpc4jppM03,12433,MN903W,agRvD2Ua9BBnezgX8l7L7Jv8QtuJb7Fo592GqTib6zR3jiHSVI,88116,TFvsPO,xfE3BEGaqe1TgYv2mWgtn1PZVOM3OslbMywnC6AUcCTK3RKyc3,54550,qWP3QdnrxFL37ivo4XhcrUMq4hPigogo0RdRpDIxkcFZDe2NOB
2015-02-20,u6LpTQ,LiZsGXdZrGOhgywT5sX7brckdxC7jIk4MlGbPLVr5tzBIsxRad,342087,8jM9Bj,pwgjCOQBQs4QNnvnSDpKNRclzYGVjlhxpDse13l1VcK6BndlTP,797125,85Yvpy,G5Ekc6tcknGpBeX9FAe4pAiZ8JpblaFThtXqO9nvzlio7Pob2N,536809,pZOg5zchabxJuHzaMqIJQzgq0X7HVTM1WQyClegLJIfcMl94eP
2015-02-21,rZIIhT,b6pICTBNJ5lag9jpoebayy73VlbtDX0tKagxnPWSrrwPy72M9s,331529,Xzfsb5,N6XNav4F2ArAuNb62N0gnfQA44sSOmGBDrkUonlCZZwc8gaPMn,88767,RAzvCj,poYc3bbIADKtTC8UrxzknAF9GyOyjobT5y1jmuMZATXfwBCEZY,798438,MTyhogyW7a3y2fPDr9kA1Kfawx0N8p2yW1xqOlSHanEVPT96v6
2015-02-22,hJ1jsS,ZGSjmgz12929yimENrbcsxLGZblYWRq20y1AUqTN3ifHlQ4b5b,257347,3xofhD,7Y9gQNzez4tYg5iKb9IYMG8EsBRZ3H2HNKzOiEnOUTkJ0v5WFK,578636,Y3eReb,2IvNWsgpCY4m3ww8nqMUbxxPl5qLcjAjP4nx5bSVff9ByfmSkB,989432,ybLExZa6JIU4gkWaJy7z5i4pLUCPHktZrSxWAPgWKLZtc6phfw
2015-02-23,Gi8xJe,XrXxdLF61BKzKVxJbAXSTF4XyIoV09D98MyNu7torilOsFDNXb,306969,RwYLmm,vDYXQLLhf6VhEnFa2Qvf4D61MccNhZFTkxeXWdX3iLCjFdsvMS,140086,QtZyZz,TcX2I6gWiMel0RzdOKWIfIUDRdXunlWASWPC1zF3PswnbAVPbd,840219,htovrYMk4wc2TNmuFJBMHFtBMq8h1kOp1IKehmiyDIGtv45f88
2015-02-24,uhLZ5P,rPW3DdKWIJLId6b0ojBfWrero7XINPmhoLIBd4WcvFOCwkWYSI,387906,dNZQcf,4A7STAcjDE7f8tQsByWmhkuV9oudu2URbNsZ2zgMFLOqAAM12m,46098,AwVzz9,VVmayIwpURDTPffXep5Oc9tRV7moIUqjhDeIbHGUg4IsNKlVam,568961,6WHcDa4qi9ipULd8BgfKHxKeOVe5a5fvQ8HKXmGy3H76R1gD59
2015-02-25,1ZLuzk,0ETbWjRxq2LtbDI1yWmp6ErV891aS3nuHu3EDbQ8sVpdjDbHWw,138405,7PF2oA,G5bKShbnflX7BFX6geic4KwYCE2HiOnnYLlgDWNo7yaILv6OGo,898846,lU3h2k,C6l8F7LX8jNnGxh3JEuCA4cmYu5eovvsGexldiEso7r2HNs6YM,53694,wSUiZvfmxDHKg9WOHUpwDJTzXmXMQjKSwgKPiZVM7bEO36m9J2
2015-02-26,taXNKI,tNkg29CIyGnnKfK3loTPPHIgjAQqXlKL0IkipYZX8UMQ12JzC5,126891,HMXYDT,ySIhx5UKd9xx0C50vCVcTXnpO4uA0hr7lQ3fSMMj7B7t9O6GKf,250999,ih9qq8,cENw0P1D0uvZtFP1Yv06GmoQEJ08xFAnnibBjyvoEbrjjVvWWf,936433,ZzdAGmabQjBUl3glbYOaDlDhhMsvMMMMnJvDwZdefhpNNvPTDY
2015-02-27,76TnZH,9UfwYA634eDnWkZDebMHqcCiJjLWTQGiv0Qec3rdtH36KYb4a7,399518,I2BQTt,nyMmVYZ9AZCEnsCjS6cLMAvPghRfPYPNS9gd52BY3G0vtxtvsg,46340,I46LJj,hDQaNgCluClCEhndbgZyeywKx1C1tJO2dLCz3UPDdqZR12H4WJ,475877,y1Fsg7ArsdvthwYnZVf6L4ctsUYx8CeHJGFlH5tylPWEpTdG1p
2015-02-28,Ha6gTQ,CikeglYXbFdNysBZxr8PA6IxlwXFkpw7H8PKyqK6Hah1osGeb6,945580,TGI9Yk,VPDhVOtyvumHvHvGYimxINY0JpiJaZus8nW3d3TVbAJSBef8fa,821870,8YVt7E,kWHOFW30opbi3ezXki9q86b4vDpjOULAM5ApJLmXBnk1ei5dLb,871082,lW7fqNm38bzZoLROKcntW5xY2fJMBpGS9L3IFEFNmJdFV2izIk
2015-03-01,NXrnoG,S1vhNekohFlUGHB9M4esoZx7OG8MRoEVMtLlFrOsQ7bPiXxup9,20365,DaTEem,CtiqMSbEnsTI0u9rLcr82s4GKj2UIuZURpMTWJRP7SZYeqfNaw,250746,e8gaA8,5fG40oEsIXeJ6pBknwnFT2sdz6a4ij0ERCdqBvWDNvUS8L4jRm,720696,n9A5bsSPQmW7AfmCs3BbRUlkOD5eWoTNDlkF0IrbbHCqQSFF45
2015-03-02,0U3lgi,2rLf2WSfn3SP9yLEaTZDYNGcCWBGmJ4HOEmBx5cVijPgVH2kq0,174095,pcZE3n,YpU0QJfq6Cb0y55PrvZEoaZB8xatSYbJek40J6gdg88PBdM68H,957222,X7mZgW,syMmNuHgVgeqTT9HmbGmoXzpM4Vnr4Lm37ntcrbz36mNjv3CF7,287888,BeCFgUXl9GmKcfyKdAJTvvPAHEoeMT7JHHf64WbnPzoIFV4u6h
2015-03-03,HxQzt1,PbPQ9ox84cR0yii3zVaFt7cFjyBZaY4lMJ57PouleAaR3xaNKB,721572,vFkl4l,wcQzSGxnmuVVfounWx6jH8DI4z4ujsIrwN6kCpsJDwbDnhIdaH,206420,t91Iho,xMV1i9tMnrRaNX8wyLuEUhedY2EOzw6slQH0b65vIp3LbfbOO3,496855,GOl4Fndb22XHGmFEFgCyqLHdBlKvxiCBep2XdvrGyhxAjQi09L
2015-03-04,HSeFBi,ef668AnZ1NPot6vqWwFQNXCdESmVRXdir3bkP6pwotxNKnA6LB,679450,EBo3XD,ICcVd61k1bfI7Ut6As2wZVXhJxeRWvOrd5vpOioTym0ePh0wRQ,753523,BcOZjz,BxNmfgLqHsdR9xkwIRvGq72pts7EABndCZ8Q02LNhodxlkf8mW,326406,KJH0hN4z3IklmCFHEYj1Lqayl3vms6dgziMuCd0vLAW4yDBTlh
2015-03-05,bISs7R,EjaNNQOioNK1cpWx9vR1BMQPy3tTzmqeSXWZZV3Y8RJZrf7mKu,246766,dzZjcq,ykyB6QnLzilOULmWgH406z5sTSoBihUYVLheXTJGAMyi28vLaq,200682,A8QELa,6BHxZVPd2lPDUDyfhP9bj7eJdozs5cFwJUsdYiRwaKYolgvQ16,395144,tu7X33DUgUGxFr0O0qBlzmAn14JiBzfQ6Tm6jkckUF44EYZPD9
2015-03-06,yez6w9,Sk5zOjypOxXXKCpy8UT8lFH0AC8F8iM18Siru4l8N7Uk09EoPH,869267,ENkdlP,8luRjaB2XaMtLqHQ6mZOnCijrIdpZoyJANYuuGRCQqcCXAKPFg,771204,t38bib,v7LeUaO2UO95OdoNI9i89C6bAPn1tNTGi00uIt8X2WbjYlLJ1y,27586,u33jZjjBdPUDXMWjUrPHsdmCHIL5DhaNmoJYo6KvdSRyOEYW4v
2015-03-07,9jE7HM,r6mSwcQTYYtZLuovEPplnm02K5PpZPEBgM8zaT6wrjvfXWPWDV,865262,w66RJE,bbPH1imTCSzjsc2X6k9uMTZVxUMQrKhrOIrTYXgpPLBm12sg2D,870859,BrC1ZB,ahjpzZn51j5EsaOxAZvtealNJXyeQKl6Nd3H4yrQwLPz1CqLtw,773644,X62IgdrhWaUl13XDIbzVEA6iwDLj5zj5bKWbl5LeqDlshUSdNR
2015-03-08,dQ92T3,E1tJaKzWhQBiEXy1Ag7DZw60nRRX294fhjjcKjzpWVYBFV2EkS,40274,Gb1vOt,BPrxamyu3af0lH2O3NhOjh2O797gaB9Q8ntB68W7zfeIt4mfbj,656877,BGgTVx,hLUigHk98SjrjJKGH35nQUG7vwtjmfrlrtEp7E6hAaLgqQxZ43,304782,Jx4seiJuoHY64ZN8cXgsSebpJFqv4mJRvetytmWcLNV88xSTSW
2015-03-09,8XWT5k,DfX1vsMNjK964M9UGMqTAAOBoLLQqkxkk0XgWMYLDy3mZujB7s,438794,nEbkY5,LqJuiaY0CDNMcCKLMnDWOqkn2wx6n567WNbRgtPNNYp2XXmLkX,1868,7Cte8k,2fvqEVeMQRfiG8HrLksugIog0yNru0OfoDN8rwNFrmzt9IPS0P,299752,SS2rvlSSjuiGJRW4qq4Y2Z9neudzdhnQY9ZvLyF3DV5eUIKHP6
2015-03-10,hmCWsN,7dufrSlBGsKE2zzafHbhDPNk9A3pSzbMt3gVhvhNVzJ80buyDG,823754,LpHD2S,RJhkCT2wENiM4zBnqJdS7SL2K3IleizmSdADDGMH301Ufa7T19,21517,I5F0ye,ydjKB88JQ6n5chUqbBZxTqGuBJ8UwMbNhYbRlKM3xQbJtV4sAx,25054,3WBDtItGFfcjvmPM1TSP58YcgYZczIr9eDa4GIsq2wlorcNIqw
2015-03-11,5TQjAJ,4TvIHHydezBG7aDASaitH59SJL2h4oS4riyydmRD4vv5yPWtaw,465138,ADQDVI,VjpBqUX6Y2E8luX9jlextmdP52TgqP6lzdtpXZVuCVMLf8ZksO,485685,BTbcF9,abNA8KJf6SI4kYh9ovcqL7ZS9EArD094S3AXR5mW9oZIAPMJIk,374647,zBmtfc5wsT2OAwdSglDwVITzFBVQJIiiqbbm8E4rTPkkKDCjxK
2015-03-12,jCXusW,vVwskA4AlRij3OSvSROccJ2oFTi6CJvINu8X4zqTgv2zVqbgae,828970,n1Af72,q2eHcrcu2CVwHojjn9f3bo13wsL5JMw4MzA71mEcJYjXtUARSQ,747198,8M2I2j,8g5QSga8pEH3DAEOuMR6keHhMeyEXgMkrOHEYH0Yc1nX1wwipl,987703,gcAeH05z1f0ZEo6vHKEOIua5YmEOTIWqQlOIe3HMWfTuC3J7y0
2015-03-13,林炳辰 , ,0,成 , ,0, 阿斯顿飞机, 阿斯顿发斯蒂芬,0, 阿斯顿发 | 阿斯顿发发 | 阿斯顿发
2015-03-14,阿道夫 , 阿斯蒂芬,0, 二测, 测,0, 额查处,测测 ,0, 侧爱吃
